,HPO-library,HPO-method,ML-algorithm,time_outperform_default,AUC,best_mean_loss,loss_ratio,std_dev_best_loss,time_best_config,evals_best_config
1,hyperopt,TPE,RandomForestRegressor,72.48149752616882,34667.198957734596,33511.20408019933,1.0232173273038867,111.46515838885026,72.48149752616882,38
2,skopt,SMAC,RandomForestRegressor,63.16157841682434,35053.230009863895,33603.39393199692,1.0204101628266387,901.2277085793894,70.00368849436443,44
3,hpbandster,BOHB,RandomForestRegressor,69.60287737846375,36662.54458968031,33792.592783674474,1.014697063737652,208.17859352042115,69.60287737846375,70
4,optuna,RandomSearch,RandomForestRegressor,inf,35785.013589449896,34549.64045815452,0.9924631405414118,420.6259829845762,55.004072427749634,45
